hunn;hann;genotyped;totalt;OSR;treatment
108f02.fsa;3;5;20;1;1
108f02.fsa;50;7;28;1;1
108f04.fsa;20;8;32;1;1
108f04.fsa;51;9;36;1;1
108f05.fsa;50;1;4;1;1
108f06.fsa;3;3;12;1;1
108f06.fsa;50;1;4;1;1
108f07.fsa;3;3;12;1;1
108f07.fsa;20;2;8;1;1
108f09.fsa;19;8;32;1;1
108f09.fsa;60;11;44;1;1
108f10.fsa;3;8;32;1;1
108f10.fsa;28;6;24;1;1
108f11.fsa;19;2;8;1;1
108f11.fsa;50;2;8;1;1
108f12.fsa;7;9;36;1;1
108f12.fsa;19;1;4;1;1
108f12.fsa;28;3;12;1;1
108f13.fsa;19;6;24;1;1
108f14.fsa;3;5;20;1;1
108f14.fsa;3;1;4;1;1
108f14.fsa;5;2;8;1;1
108f14.fsa;19;6;24;1;1
108f14.fsa;50;5;20;1;1
108f14.fsa;60;2;8;1;1
108f15.fsa;3;2;8;1;1
108f15.fsa;7;8;32;1;1
108f16.fsa;5;6;24;1;1
108f16.fsa;20;1;4;1;1
108f16.fsa;28;10;40;1;1
108f16.fsa;28;5;20;1;1
108f16.fsa;51;6;24;1;1
108f17.fsa;5;10;40;1;1
108f17.fsa;28;4;16;1;1
108f18.fsa;7;3;12;1;1
108f18.fsa;28;1;4;1;1
108f19.fsa;7;1;4;1;1
109f11.fsa;53;15;60;1;1
109f12.fsa;26;5;20;1;1
109f12.fsa;52;4;16;1;1
109f12.fsa;52;5;20;1;1
109f12.fsa;52;3;12;1;1
109f14.fsa;50;8;32;1;1
109f16.fsa;12;1;4;1;1
109f16.fsa;53;7;28;1;1
109f17.fsa;48;5;20;1;1
109f17.fsa;53;6;24;1;1
109f18.fsa;25;3;12;1;1
109f19.fsa;12;1;4;1;1
109f19.fsa;16;5;20;1;1
109f19.fsa;25;9;36;1;1
109f19.fsa;26;8;32;1;1
109f20.fsa;16;5;20;1;1
109f20.fsa;48;10;40;1;1
109f21.fsa;51;10;40;1;1
109f22.fsa;49;3;12;1;1
109f22.fsa;51;1;4;1;1
109f22.fsa;51;1;4;1;1
109f22.fsa;52;3;12;1;1
109f23.fsa;49;6;24;1;1
109f23.fsa;50;1;4;1;1
109f23.fsa;50;3;12;1;1
109f23.fsa;52;3;12;1;1
109f26.fsa;12;3;12;1;1
109f26.fsa;16;1;4;1;1
109f26.fsa;16;9;36;1;1
109f26.fsa;25;11;44;1;1
109f26.fsa;51;5;20;1;1
109f27.fsa;49;3;12;1;1
109f27.fsa;50;8;32;1;1
109f28.fsa;49;3;12;1;1
109f28.fsa;50;2;8;1;1
109f28.fsa;52;1;4;1;1
109f29.fsa;26;5;20;1;1
110f01.fsa;13;8;32;1;1
110f01.fsa;13;2;8;1;1
110f01.fsa;20;5;20;1;1
110f01.fsa;20;1;4;1;1
110f01.fsa;21;8;32;1;1
110f01.fsa;24;2;8;1;1
110f01.fsa;31;2;8;1;1
110f02.fsa;24;5;20;1;1
110f02.fsa;31;2;8;1;1
110f03.fsa;29;10;40;1;1
110f04.fsa;21;3;12;1;1
110f04.fsa;28;4;16;1;1
110f04.fsa;28;5;20;1;1
110f04.fsa;31;1;4;1;1
110f07.fsa;20;3;12;1;1
110f07.fsa;31;2;8;1;1
110f10.fsa;24;7;28;1;1
110f12.fsa;14;10;40;1;1
110f12.fsa;28;2;8;1;1
110f13.fsa;14;2;8;1;1
110f13.fsa;20;8;32;1;1
110f14.fsa;28;15;60;1;1
110f15.fsa;21;6;24;1;1
110f15.fsa;21;7;28;1;1
110f15.fsa;24;2;8;1;1
110f16.fsa;13;2;8;1;1
110f16.fsa;21;11;44;1;1
110f16.fsa;24;3;12;1;1
110f19.fsa;20;7;28;1;1
110f20.fsa;24;7;28;1;1
110f20.fsa;31;4;16;1;1
110f20.fsa;31;8;32;1;1
208f11.fsa;4;1;4;1;1
208f11.fsa;7;2;8;1;1
208f11.fsa;24;18;72;1;1
208f11.fsa;25;2;8;1;1
208f12.fsa;4;4;16;1;1
208f12.fsa;10;4;16;1;1
208f12.fsa;11;8;32;1;1
208f12.fsa;16;4;16;1;1
208f12.fsa;25;11;44;1;1
208f15.fsa;25;9;36;1;1
208f15.fsa;40;5;20;1;1
208f17.fsa;7;2;8;1;1
208f17.fsa;10;6;24;1;1
208f17.fsa;11;5;20;1;1
208f17.fsa;59;3;12;1;1
208f19.fsa;2;2;8;1;1
208f19.fsa;7;3;12;1;1
208f19.fsa;11;1;4;1;1
208f19.fsa;24;4;16;1;1
208f21.fsa;40;1;4;1;1
208f21.fsa;59;1;4;1;1
208f22.fsa;16;3;12;1;1
208f26.fsa;11;1;4;1;1
208f26.fsa;40;11;44;1;1
208f27.fsa;7;1;4;1;1
208f27.fsa;10;1;4;1;1
208f27.fsa;40;5;20;1;1
208f29.fsa;59;1;4;1;1
208f30.fsa;7;3;12;1;1
209f01.fsa;17;3;12;1;1
209f01.fsa;28;3;12;1;1
209f01.fsa;52;5;20;1;1
209f02.fsa;50;1;4;1;1
209f03.fsa;17;8;32;1;1
209f03.fsa;51;5;20;1;1
209f05.fsa;50;9;36;1;1
209f05.fsa;52;8;32;1;1
209f06.fsa;17;5;20;1;1
209f06.fsa;17;6;24;1;1
209f06.fsa;52;2;8;1;1
209f07.fsa;17;2;8;1;1
209f07.fsa;52;4;16;1;1
209f08.fsa;28;4;16;1;1
209f08.fsa;46;1;4;1;1
209f08.fsa;46;6;24;1;1
209f08.fsa;50;6;24;1;1
209f11.fsa;52;4;16;1;1
209f11.fsa;53;6;24;1;1
209f12.fsa;28;4;16;1;1
209f13.fsa;46;2;8;1;1
209f13.fsa;47;9;36;1;1
209f13.fsa;46;2;8;1;1
209f13.fsa;50;2;8;1;1
209f15.fsa;51;7;28;1;1
209f15.fsa;52;7;28;1;1
209f16.fsa;47;8;32;1;1
209f16.fsa;51;10;40;1;1
209f16.fsa;52;6;24;1;1
209f16.fsa;53;2;8;1;1
209f17.fsa;28;4;16;1;1
209f17.fsa;46;3;12;1;1
209f17.fsa;46;5;20;1;1
209f17.fsa;51;7;28;1;1
209f19.fsa;28;2;8;1;1
209f19.fsa;53;19;76;1;1
209f20.fsa;47;7;28;1;1
108f21.fsa;16;8;32;2;2
108f21.fsa;16;1;4;2;2
108f21.fsa;34;4;16;2;2
108f21.fsa;35;3;12;2;2
108f21.fsa;37;2;8;2;2
108f21.fsa;55;2;8;2;2
108f21.fsa;55;6;24;2;2
108f21.fsa;58;10;40;2;2
108f21.fsa;59;3;12;2;2
108f22.fsa;16;6;24;2;2
108f22.fsa;22;4;16;2;2
108f22.fsa;31;9;36;2;2
108f22.fsa;35;11;44;2;2
108f22.fsa;35;1;4;2;2
108f22.fsa;44;1;4;2;2
108f23.fsa;21;2;8;2;2
108f23.fsa;31;4;16;2;2
108f23.fsa;36;6;24;2;2
108f23.fsa;38;1;4;2;2
108f23.fsa;46;3;12;2;2
108f23.fsa;52;7;28;2;2
108f23.fsa;58;9;36;2;2
108f23.fsa;59;3;12;2;2
108f24.fsa;21;1;4;2;2
108f24.fsa;27;2;8;2;2
108f24.fsa;31;4;16;2;2
108f24.fsa;32;4;16;2;2
108f24.fsa;34;10;40;2;2
108f24.fsa;35;1;4;2;2
108f24.fsa;37;5;20;2;2
108f24.fsa;38;1;4;2;2
108f24.fsa;38;5;20;2;2
108f24.fsa;52;2;8;2;2
108f24.fsa;55;4;16;2;2
108f24.fsa;58;3;12;2;2
108f25.fsa;16;1;4;2;2
108f25.fsa;21;3;12;2;2
108f25.fsa;31;2;8;2;2
108f25.fsa;44;1;4;2;2
108f26.fsa;15;4;16;2;2
108f26.fsa;22;6;24;2;2
108f26.fsa;27;3;12;2;2
108f26.fsa;31;2;8;2;2
108f26.fsa;38;4;16;2;2
108f27.fsa;15;1;4;2;2
108f27.fsa;21;2;8;2;2
108f27.fsa;27;11;44;2;2
108f27.fsa;58;8;32;2;2
108f28.fsa;21;2;8;2;2
108f28.fsa;32;16;64;2;2
108f28.fsa;35;2;8;2;2
108f28.fsa;37;8;32;2;2
108f28.fsa;38;6;24;2;2
108f28.fsa;55;6;24;2;2
108f29.fsa;22;3;12;2;2
108f29.fsa;34;6;24;2;2
108f29.fsa;38;4;16;2;2
108f30.fsa;21;3;12;2;2
108f30.fsa;38;1;4;2;2
109f01.fsa;20;7;28;2;2
109f01.fsa;54;4;16;2;2
109f01.fsa;55;3;12;2;2
109f01.fsa;59;7;28;2;2
109f02.fsa;11;1;4;2;2
109f02.fsa;14;3;12;2;2
109f02.fsa;18;2;8;2;2
109f02.fsa;54;4;16;2;2
109f02.fsa;54;7;28;2;2
109f02.fsa;55;5;20;2;2
109f03.fsa;14;2;8;2;2
109f03.fsa;15;2;8;2;2
109f03.fsa;18;2;8;2;2
109f03.fsa;56;6;24;2;2
109f03.fsa;57;10;40;2;2
109f03.fsa;59;8;32;2;2
109f04.fsa;11;1;4;2;2
109f04.fsa;20;6;24;2;2
109f04.fsa;54;1;4;2;2
109f04.fsa;55;5;20;2;2
109f04.fsa;56;3;12;2;2
109f05.fsa;14;9;36;2;2
109f05.fsa;18;6;24;2;2
109f05.fsa;56;2;8;2;2
109f05.fsa;58;4;16;2;2
109f06.fsa;14;4;16;2;2
109f06.fsa;18;2;8;2;2
109f06.fsa;54;3;12;2;2
109f06.fsa;55;1;4;2;2
109f06.fsa;55;3;12;2;2
109f06.fsa;60;3;12;2;2
109f07.fsa;13;4;16;2;2
109f07.fsa;19;4;16;2;2
109f07.fsa;57;5;20;2;2
109f07.fsa;59;6;24;2;2
109f08.fsa;18;2;8;2;2
109f08.fsa;59;2;8;2;2
109f09.fsa;14;4;16;2;2
109f09.fsa;55;3;12;2;2
109f09.fsa;56;7;28;2;2
109f09.fsa;60;2;8;2;2
109f10.fsa;13;2;8;2;2
109f10.fsa;19;1;4;2;2
109f10.fsa;20;5;20;2;2
109f10.fsa;56;3;12;2;2
109f10.fsa;60;2;8;2;2
110f21.fsa;26;6;24;2;2
110f21.fsa;36;4;16;2;2
110f21.fsa;39;8;32;2;2
110f22.fsa;16;5;20;2;2
110f22.fsa;32;6;24;2;2
110f22.fsa;36;3;12;2;2
110f23.fsa;17;10;40;2;2
110f23.fsa;27;1;4;2;2
110f23.fsa;32;7;28;2;2
110f23.fsa;32;7;28;2;2
110f23.fsa;34;2;8;2;2
110f23.fsa;34;4;16;2;2
110f23.fsa;35;2;8;2;2
110f23.fsa;36;4;16;2;2
110f23.fsa;38;1;4;2;2
110f24.fsa;16;6;24;2;2
110f24.fsa;33;3;12;2;2
110f24.fsa;34;5;20;2;2
110f24.fsa;35;2;8;2;2
110f24.fsa;38;2;8;2;2
110f25.fsa;16;4;16;2;2
110f25.fsa;26;5;20;2;2
110f25.fsa;33;3;12;2;2
110f25.fsa;35;6;24;2;2
110f25.fsa;38;11;44;2;2
110f25.fsa;39;1;4;2;2
110f25.fsa;40;3;12;2;2
110f26.fsa;16;2;8;2;2
110f26.fsa;25;2;8;2;2
110f26.fsa;26;2;8;2;2
110f26.fsa;33;8;32;2;2
110f26.fsa;40;3;12;2;2
110f27.fsa;22;14;56;2;2
110f27.fsa;35;1;4;2;2
110f28.fsa;17;1;4;2;2
110f28.fsa;36;2;8;2;2
110f29.fsa;39;9;36;2;2
110f29.fsa;41;7;28;2;2
110f30.fsa;26;2;8;2;2
110f30.fsa;32;4;16;2;2
110f30.fsa;34;2;8;2;2
110f30.fsa;36;1;4;2;2
110f30.fsa;39;8;32;2;2
110f30.fsa;40;1;4;2;2
110f30.fsa;40;5;20;2;2
208f01.fsa;50;13;52;2;2
208f01.fsa;53;5;20;2;2
208f02.fsa;6;5;20;2;2
208f02.fsa;28;1;4;2;2
208f02.fsa;50;5;20;2;2
208f03.fsa;9;10;40;2;2
208f03.fsa;17;2;8;2;2
208f03.fsa;21;1;4;2;2
208f03.fsa;26;5;20;2;2
208f03.fsa;38;2;8;2;2
208f03.fsa;45;12;48;2;2
208f03.fsa;47;1;4;2;2
208f04.fsa;8;5;20;2;2
208f04.fsa;28;7;28;2;2
208f06.fsa;8;6;24;2;2
208f06.fsa;9;4;16;2;2
208f06.fsa;28;1;4;2;2
208f06.fsa;44;6;24;2;2
208f06.fsa;47;4;16;2;2
208f06.fsa;50;5;20;2;2
208f06.fsa;53;10;40;2;2
208f07.fsa;8;1;4;2;2
208f07.fsa;17;3;12;2;2
208f07.fsa;21;7;28;2;2
208f07.fsa;26;2;8;2;2
208f07.fsa;28;4;16;2;2
208f08.fsa;5;3;12;2;2
208f08.fsa;26;2;8;2;2
208f08.fsa;28;1;4;2;2
208f08.fsa;39;5;20;2;2
208f08.fsa;44;8;32;2;2
208f08.fsa;45;1;4;2;2
208f08.fsa;53;1;4;2;2
208f08.fsa;53;9;36;2;2
208f09.fsa;26;3;12;2;2
208f09.fsa;26;1;4;2;2
208f09.fsa;28;1;4;2;2
208f09.fsa;44;12;48;2;2
208f09.fsa;45;1;4;2;2
208f10.fsa;6;3;12;2;2
208f10.fsa;21;3;12;2;2
208f10.fsa;26;5;20;2;2
208f10.fsa;38;2;8;2;2
209f21.fsa;20;1;4;2;2
209f21.fsa;40;2;8;2;2
209f21.fsa;49;9;36;2;2
209f21.fsa;54;5;20;2;2
209f22.fsa;24;6;24;2;2
209f22.fsa;33;3;12;2;2
209f22.fsa;34;2;8;2;2
209f22.fsa;43;6;24;2;2
209f22.fsa;49;7;28;2;2
209f23.fsa;18;1;4;2;2
209f23.fsa;18;6;24;2;2
209f23.fsa;21;3;12;2;2
209f23.fsa;32;3;12;2;2
209f24.fsa;18;2;8;2;2
209f24.fsa;22;7;28;2;2
209f24.fsa;29;15;60;2;2
209f24.fsa;33;4;16;2;2
209f24.fsa;39;9;36;2;2
209f24.fsa;41;1;4;2;2
209f24.fsa;42;3;12;2;2
209f24.fsa;43;2;8;2;2
209f24.fsa;49;5;20;2;2
209f25.fsa;20;1;4;2;2
209f25.fsa;32;7;28;2;2
209f25.fsa;34;10;40;2;2
209f25.fsa;42;8;32;2;2
209f25.fsa;54;1;4;2;2
209f26.fsa;6;2;8;2;2
209f26.fsa;20;1;4;2;2
209f26.fsa;32;4;16;2;2
209f26.fsa;34;5;20;2;2
209f26.fsa;35;4;16;2;2
209f26.fsa;39;1;4;2;2
209f26.fsa;42;5;20;2;2
209f27.fsa;18;4;16;2;2
209f27.fsa;19;1;4;2;2
209f27.fsa;21;2;8;2;2
209f27.fsa;29;3;12;2;2
209f27.fsa;34;6;24;2;2
209f27.fsa;39;1;4;2;2
209f27.fsa;39;4;16;2;2
209f27.fsa;40;5;20;2;2
209f28.fsa;6;1;4;2;2
209f28.fsa;22;1;4;2;2
209f28.fsa;29;6;24;2;2
209f28.fsa;33;2;8;2;2
209f28.fsa;40;3;12;2;2
209f29.fsa;24;6;24;2;2
209f29.fsa;41;5;20;2;2
209f30.fsa;20;4;16;2;2
209f30.fsa;24;1;4;2;2
209f30.fsa;41;4;16;2;2
209f30.fsa;54;7;28;2;2
108f31.fsa;40;2;8;1;3
108f32.fsa;10;2;8;1;3
108f32.fsa;33;3;12;1;3
108f32.fsa;39;2;8;1;3
108f32.fsa;39;4;16;1;3
108f33.fsa;17;6;24;1;3
108f33.fsa;56;5;20;1;3
108f34.fsa;30;7;28;1;3
108f34.fsa;30;1;4;1;3
108f34.fsa;47;2;8;1;3
108f36.fsa;17;5;20;1;3
108f36.fsa;30;7;28;1;3
108f37.fsa;30;13;52;1;3
108f38.fsa;33;12;48;1;3
108f38.fsa;39;6;24;1;3
108f38.fsa;47;2;8;1;3
108f38.fsa;47;6;24;1;3
108f39.fsa;10;3;12;1;3
108f39.fsa;40;2;8;1;3
108f39.fsa;40;4;16;1;3
108f39.fsa;53;2;8;1;3
108f39.fsa;53;3;12;1;3
108f41.fsa;39;7;28;1;3
108f41.fsa;40;7;28;1;3
108f43.fsa;17;2;8;1;3
108f43.fsa;56;8;32;1;3
108f45.fsa;30;3;12;1;3
108f45.fsa;40;5;20;1;3
108f45.fsa;47;4;16;1;3
108f47.fsa;30;4;16;1;3
108f47.fsa;53;5;20;1;3
108f48.fsa;10;3;12;1;3
108f48.fsa;53;4;16;1;3
108f50.fsa;56;10;40;1;3
108f60.fsa;17;2;8;1;3
108f60.fsa;30;2;8;1;3
108f60.fsa;33;1;4;1;3
109f41.fsa;32;19;76;1;3
109f41.fsa;37;5;20;1;3
109f43.fsa;34;6;24;1;3
109f44.fsa;30;6;24;1;3
109f44.fsa;30;8;32;1;3
109f44.fsa;36;2;8;1;3
109f45.fsa;29;1;4;1;3
109f46.fsa;31;6;24;1;3
109f46.fsa;33;2;8;1;3
109f46.fsa;36;2;8;1;3
109f47.fsa;35;10;40;1;3
109f48.fsa;28;5;20;1;3
109f48.fsa;29;1;4;1;3
109f48.fsa;34;6;24;1;3
109f48.fsa;36;4;16;1;3
109f49.fsa;32;7;28;1;3
109f50.fsa;29;6;24;1;3
109f50.fsa;36;4;16;1;3
109f51.fsa;28;3;12;1;3
109f51.fsa;29;4;16;1;3
109f51.fsa;34;6;24;1;3
109f51.fsa;36;3;12;1;3
109f52.fsa;31;14;56;1;3
109f52.fsa;32;16;64;1;3
109f53.fsa;33;1;4;1;3
109f53.fsa;35;8;32;1;3
109f54.fsa;28;5;20;1;3
109f55.fsa;28;8;32;1;3
109f55.fsa;31;13;52;1;3
109f57.fsa;30;3;12;1;3
109f57.fsa;37;8;32;1;3
109f57.fsa;29;4;16;1;3
109f57.fsa;33;10;40;1;3
109f59.fsa;30;4;16;1;3
109f59.fsa;37;11;44;1;3
110f31.fsa;42;14;56;1;3
110f33.fsa;46;5;20;1;3
110f33.fsa;48;22;88;1;3
110f34.fsa;30;3;12;1;3
110f34.fsa;46;16;64;1;3
110f35.fsa;44;1;4;1;3
110f36.fsa;45;10;40;1;3
110f37.fsa;19;10;40;1;3
110f37.fsa;30;2;8;1;3
110f37.fsa;48;7;28;1;3
110f38.fsa;43;4;16;1;3
110f38.fsa;47;1;4;1;3
110f38.fsa;47;2;8;1;3
110f39.fsa;30;1;4;1;3
110f39.fsa;43;11;44;1;3
110f40.fsa;44;1;4;1;3
110f40.fsa;45;17;68;1;3
110f41.fsa;19;4;16;1;3
110f41.fsa;30;5;20;1;3
110f41.fsa;43;1;4;1;3
110f41.fsa;47;8;32;1;3
110f42.fsa;19;2;8;1;3
110f42.fsa;44;2;8;1;3
110f44.fsa;43;1;4;1;3
110f44.fsa;46;1;4;1;3
110f44.fsa;46;2;8;1;3
110f44.fsa;47;3;12;1;3
110f44.fsa;47;9;36;1;3
110f46.fsa;19;6;24;1;3
110f46.fsa;42;2;8;1;3
110f46.fsa;43;4;16;1;3
110f47.fsa;42;10;40;1;3
110f47.fsa;44;4;16;1;3
110f50.fsa;30;2;8;1;3
110f50.fsa;46;5;20;1;3
110f50.fsa;48;1;4;1;3
208f41.fsa;52;1;4;1;3
208f46.fsa;13;3;12;1;3
208f46.fsa;23;6;24;1;3
208f47.fsa;18;16;64;1;3
208f48.fsa;14;1;4;1;3
208f48.fsa;23;1;4;1;3
208f48.fsa;55;9;36;1;3
208f49.fsa;18;1;4;1;3
208f50.fsa;29;3;12;1;3
208f52.fsa;3;16;64;1;3
208f52.fsa;14;4;16;1;3
208f52.fsa;14;2;8;1;3
208f53.fsa;58;2;8;1;3
208f55.fsa;13;1;4;1;3
208f55.fsa;29;2;8;1;3
208f55.fsa;52;8;32;1;3
208f55.fsa;55;6;24;1;3
208f56.fsa;51;5;20;1;3
208f57.fsa;29;4;16;1;3
208f57.fsa;51;3;12;1;3
208f58.fsa;14;2;8;1;3
208f58.fsa;14;1;4;1;3
208f58.fsa;52;6;24;1;3
208f58.fsa;55;17;68;1;3
208f58.fsa;58;2;8;1;3
208f59.fsa;23;8;32;1;3
208f59.fsa;52;8;32;1;3
208f59.fsa;58;1;4;1;3
208f59.fsa;58;12;48;1;3
208f60.fsa;13;2;8;1;3
208f60.fsa;18;4;16;1;3
208f60.fsa;29;8;32;1;3
208f60.fsa;29;9;36;1;3
209f31.fsa;55;2;8;1;3
209f31.fsa;57;1;4;1;3
209f32.fsa;56;1;4;1;3
209f33.fsa;11;1;4;1;3
209f34.fsa;56;6;24;1;3
209f34.fsa;60;4;16;1;3
209f35.fsa;60;21;84;1;3
209f36fsa;11;4;16;1;3
209f37.fsa;11;2;8;1;3
209f39.fsa;9;5;20;1;3
209f39.fsa;57;5;20;1;3
209f39.fsa;59;10;40;1;3
209f41.fsa;9;3;12;1;3
209f41.fsa;11;9;36;1;3
209f41.fsa;57;4;16;1;3
209f42.fsa;56;5;20;1;3
209f42.fsa;56;8;32;1;3
209f42.fsa;58;4;16;1;3
209f42.fsa;59;17;68;1;3
209f43.fsa;9;1;4;1;3
209f43.fsa;11;2;8;1;3
209f43.fsa;26;3;12;1;3
209f43.fsa;55;1;4;1;3
209f43.fsa;55;1;4;1;3
209f43.fsa;57;6;24;1;3
209f43.fsa;59;1;4;1;3
209f44.fsa;9;1;4;1;3
209f44.fsa;12;5;20;1;3
209f44.fsa;55;5;20;1;3
209f45.fsa;12;2;8;1;3
209f46.fsa;58;2;8;1;3
209f46.fsa;60;1;4;1;3
209f47.fsa;55;9;36;1;3
209f47.fsa;57;6;24;1;3
209f48.fsa;26;5;20;1;3
209f48.fsa;56;1;4;1;3
209f49.fsa;12;1;4;1;3
209f49.fsa;26;1;4;1;3
209f49.fsa;57;2;8;1;3
209f49.fsa;57;4;16;1;3
209f50.fsa;57;2;8;1;3
209f50.fsa;58;9;36;1;3
108f40.fsa;2;1;4;2;4
108f40.fsa;4;3;12;2;4
108f40.fsa;14;2;8;2;4
108f40.fsa;48;4;16;2;4
108f40.fsa;49;4;16;2;4
108f40.fsa;49;2;8;2;4
108f46.fsa;24;9;36;2;4
108f46.fsa;42;10;40;2;4
108f52.fsa;4;4;16;2;4
108f52.fsa;13;5;20;2;4
108f52.fsa;18;15;60;2;4
108f52.fsa;23;17;68;2;4
108f52.fsa;29;4;16;2;4
108f52.fsa;43;2;8;2;4
108f53.fsa;13;5;20;2;4
108f53.fsa;14;8;32;2;4
108f53.fsa;25;2;8;2;4
108f53.fsa;43;12;48;2;4
108f53.fsa;48;7;28;2;4
108f53.fsa;49;2;8;2;4
108f54.fsa;2;2;8;2;4
108f54.fsa;25;7;28;2;4
108f54.fsa;48;2;8;2;4
108f55.fsa;8;2;8;2;4
108f55.fsa;25;2;8;2;4
108f55.fsa;26;1;4;2;4
108f55.fsa;42;9;36;2;4
108f55.fsa;49;8;32;2;4
108f56.fsa;6;5;20;2;4
108f56.fsa;29;6;24;2;4
108f56.fsa;42;8;32;2;4
108f56.fsa;43;2;8;2;4
108f57.fsa;4;1;4;2;4
108f57.fsa;6;4;16;2;4
108f57.fsa;8;2;8;2;4
108f57.fsa;11;5;20;2;4
108f57.fsa;13;1;4;2;4
108f57.fsa;14;2;8;2;4
108f57.fsa;18;2;8;2;4
108f57.fsa;43;2;8;2;4
108f58.fsa;4;8;32;2;4
108f58.fsa;8;2;8;2;4
108f58.fsa;11;1;4;2;4
108f58.fsa;13;3;12;2;4
108f58.fsa;26;9;36;2;4
108f58.fsa;48;2;8;2;4
108f59.fsa;4;7;28;2;4
108f59.fsa;6;2;8;2;4
108f59.fsa;18;7;28;2;4
108f59.fsa;24;2;8;2;4
108f59.fsa;26;4;16;2;4
108f59.fsa;42;3;12;2;4
109f31.fsa;17;1;4;2;4
109f31.fsa;17;8;32;2;4
109f31.fsa;21;2;8;2;4
109f31.fsa;23;3;12;2;4
109f31.fsa;24;8;32;2;4
109f31.fsa;27;1;4;2;4
109f31.fsa;38;9;36;2;4
109f31.fsa;39;3;12;2;4
109f31.fsa;40;5;20;2;4
109f31.fsa;43;3;12;2;4
109f31.fsa;47;2;8;2;4
109f32.fsa;17;1;4;2;4
109f32.fsa;22;4;16;2;4
109f32.fsa;27;3;12;2;4
109f32.fsa;39;5;20;2;4
109f32.fsa;45;2;8;2;4
109f32.fsa;47;5;20;2;4
109f33.fsa;17;2;8;2;4
109f33.fsa;24;7;28;2;4
109f33.fsa;42;8;32;2;4
109f33.fsa;43;6;24;2;4
109f34.fsa;23;9;36;2;4
109f34.fsa;42;5;20;2;4
109f35.fsa;17;6;24;2;4
109f35.fsa;42;3;12;2;4
109f36.fsa;23;1;4;2;4
109f36.fsa;27;3;12;2;4
109f36.fsa;40;2;8;2;4
109f36.fsa;42;4;16;2;4
109f37.fsa;23;3;12;2;4
109f37.fsa;24;3;12;2;4
109f37.fsa;44;10;40;2;4
109f38.fsa;21;5;20;2;4
109f38.fsa;22;1;4;2;4
109f38.fsa;22;1;4;2;4
109f38.fsa;27;7;28;2;4
109f38.fsa;40;14;56;2;4
109f39.fsa;17;2;8;2;4
109f39.fsa;40;3;12;2;4
109f39.fsa;41;15;60;2;4
109f39.fsa;44;13;52;2;4
109f40.fsa;24;4;16;2;4
109f40.fsa;38;7;28;2;4
110f51.fsa;55;3;12;2;4
110f51.fsa;59;6;24;2;4
110f52.fsa;18;11;44;2;4
110f52.fsa;52;13;52;2;4
110f52.fsa;52;7;28;2;4
110f52.fsa;53;3;12;2;4
110f52.fsa;54;4;16;2;4
110f52.fsa;58;12;48;2;4
110f53.fsa;54;10;40;2;4
110f53.fsa;55;1;4;2;4
110f53.fsa;56;9;36;2;4
110f53.fsa;57;4;16;2;4
110f55.fsa;52;2;8;2;4
110f56.fsa;18;7;28;2;4
110f56.fsa;23;1;4;2;4
110f56.fsa;49;13;52;2;4
110f56.fsa;50;1;4;2;4
110f56.fsa;51;4;16;2;4
110f56.fsa;60;7;28;2;4
110f57.fsa;50;13;52;2;4
110f57.fsa;55;2;8;2;4
110f57.fsa;59;1;4;2;4
110f57.fsa;59;3;12;2;4
110f58.fsa;53;5;20;2;4
110f58.fsa;58;2;8;2;4
110f58.fsa;60;2;8;2;4
110f59.fsa;18;1;4;2;4
110f59.fsa;58;2;8;2;4
110f60.fsa;52;7;28;2;4
110f60.fsa;53;8;32;2;4
110f60.fsa;56;1;4;2;4
110f60.fsa;57;1;4;2;4
208f31.fsa;15;7;28;2;4
208f31.fsa;31;2;8;2;4
208f31.fsa;48;11;44;2;4
208f32.fsa;12;3;12;2;4
208f32.fsa;20;8;32;2;4
208f32.fsa;31;7;28;2;4
208f32.fsa;32;4;16;2;4
208f32.fsa;33;3;12;2;4
208f32.fsa;34;4;16;2;4
208f32.fsa;46;5;20;2;4
208f32.fsa;49;9;36;2;4
208f33.fsa;32;2;8;2;4
208f33.fsa;41;3;12;2;4
208f33.fsa;42;1;4;2;4
208f33.fsa;57;1;4;2;4
208f33.fsa;57;4;16;2;4
208f33.fsa;60;1;4;2;4
208f33.fsa;61;6;24;2;4
208f34.fsa;12;3;12;2;4
208f34.fsa;19;4;16;2;4
208f34.fsa;32;3;12;2;4
208f34.fsa;46;3;12;2;4
208f34.fsa;48;5;20;2;4
208f34.fsa;54;4;16;2;4
208f34.fsa;60;3;12;2;4
208f34.fsa;61;5;20;2;4
208f35.fsa;12;1;4;2;4
208f35.fsa;30;5;20;2;4
208f35.fsa;33;1;4;2;4
208f35.fsa;41;4;16;2;4
208f35.fsa;60;3;12;2;4
208f35.fsa;61;4;16;2;4
208f36.fsa;35;3;12;2;4
208f36.fsa;54;3;12;2;4
208f37.fsa;42;11;44;2;4
208f37.fsa;43;14;56;2;4
208f37.fsa;57;13;52;2;4
208f37.fsa;61;1;4;2;4
208f38.fsa;12;1;4;2;4
208f38.fsa;32;6;24;2;4
208f38.fsa;43;5;20;2;4
208f38.fsa;54;3;12;2;4
208f38.fsa;60;7;28;2;4
208f39.fsa;32;2;8;2;4
208f39.fsa;33;1;4;2;4
208f39.fsa;35;7;28;2;4
208f39.fsa;49;4;16;2;4
208f40.fsa;30;4;16;2;4
208f40.fsa;33;9;36;2;4
208f40.fsa;35;4;16;2;4
208f40.fsa;43;3;12;2;4
208f40.fsa;46;3;12;2;4
208f40.fsa;60;1;4;2;4
209f51.fsa;16;3;12;2;4
209f51.fsa;37;4;16;2;4
209f51.fsa;44;3;12;2;4
209f51.fsa;62;8;32;2;4
209f52.fsa;15;8;32;2;4
209f52.fsa;23;1;4;2;4
209f52.fsa;30;8;32;2;4
209f53.fsa;27;4;16;2;4
209f53.fsa;45;1;4;2;4
209f53.fsa;45;6;24;2;4
209f53.fsa;61;5;20;2;4
209f54.fsa;25;4;16;2;4
209f54.fsa;27;7;28;2;4
209f54.fsa;36;1;4;2;4
209f54.fsa;37;8;32;2;4
209f54.fsa;38;16;64;2;4
209f54.fsa;44;5;20;2;4
209f54.fsa;61;7;28;2;4
209f55.fsa;25;5;20;2;4
209f55.fsa;30;1;4;2;4
209f55.fsa;31;1;4;2;4
209f55.fsa;62;7;28;2;4
209f56.fsa;14;3;12;2;4
209f56.fsa;15;4;16;2;4
209f56.fsa;23;2;8;2;4
209f56.fsa;31;5;20;2;4
209f56.fsa;38;1;4;2;4
209f56.fsa;45;4;16;2;4
209f56.fsa;62;6;24;2;4
209f57.fsa;27;1;4;2;4
209f57.fsa;37;1;4;2;4
209f57.fsa;44;5;20;2;4
209f58.fsa;15;8;32;2;4
209f58.fsa;15;1;4;2;4
209f58.fsa;23;5;20;2;4
209f58.fsa;25;1;4;2;4
209f58.fsa;25;1;4;2;4
209f58.fsa;27;4;16;2;4
209f58.fsa;61;11;44;2;4
209f58.fsa;62;3;12;2;4
209f59.fsa;25;1;4;2;4
209f59.fsa;27;9;36;2;4
209f59.fsa;30;2;8;2;4
209f59.fsa;31;4;16;2;4
209f59.fsa;45;3;12;2;4
209f59.fsa;62;5;20;2;4
209f60.fsa;23;3;12;2;4
209f60.fsa;38;1;4;2;4
209f60.fsa;45;1;4;2;4
209f60.fsa;45;3;12;2;4
209f60.fsa;62;3;12;2;4
